model,accuracy,f1,roc_auc
DummyClassifier (most_frequent),0.6766666666666666,0.0,
LogisticRegression,0.8275,0.7076271186440678,0.8746905312071505
DecisionTreeClassifier,0.8766666666666667,0.8,0.9069205157178407
RandomForestClassifier,0.9245833333333333,0.8774542992552471,0.9648165722919099
GradientBoostingClassifier,0.9295833333333333,0.8872581721147431,0.9685500355492357
StackingClassifier,0.9191666666666667,0.8701472556894244,0.9581828309887765
